post_id,domain,consensus_level,ses_level,subreddit,human_risky_ratio,human_entropy,model,condition,n_calls,n_valid,llm_risky_rate,llm_entropy,gap,abs_gap,entropy_gap,kl_divergence
1rjexy5,career,ambiguous,mid,careeradvice,0.352941,0.649248,gpt,baseline,10,10,0.100000,0.325083,-0.252941,0.252941,0.324165,0.231603
1rjexy5,career,ambiguous,mid,careeradvice,0.352941,0.649248,gpt,dv,3,3,0.333333,0.636514,-0.019608,0.019608,0.012734,0.000857
1rjexy5,career,ambiguous,mid,careeradvice,0.352941,0.649248,gpt,hight,20,20,0.050000,0.198515,-0.302941,0.302941,0.450733,0.441259
1rjexy5,career,ambiguous,mid,careeradvice,0.352941,0.649248,gpt,vs,3,3,0.350000,0.647447,-0.002941,0.002941,0.001802,0.000019
1rtasfn,career,ambiguous,low,careerguidance,0.517241,0.692553,gpt,baseline,10,10,0.000000,0.000000,-0.517241,0.517241,0.692553,2.880907
1rtasfn,career,ambiguous,low,careerguidance,0.517241,0.692553,gpt,dv,3,3,0.450000,0.688139,-0.067241,0.067241,0.004414,0.009080
1rtasfn,career,ambiguous,low,careerguidance,0.517241,0.692553,gpt,hight,20,20,0.050000,0.198515,-0.467241,0.467241,0.494037,0.881726
1rtasfn,career,ambiguous,low,careerguidance,0.517241,0.692553,gpt,vs,3,3,0.420000,0.680292,-0.097241,0.097241,0.012261,0.019126
1s4imxe,career,high_safe,mid,careerguidance,0.346405,0.645193,gpt,baseline,10,10,0.000000,0.000000,-0.346405,0.346405,0.645193,1.748344
1s4imxe,career,high_safe,mid,careerguidance,0.346405,0.645193,gpt,dv,3,3,0.306667,0.616408,-0.039739,0.039739,0.028785,0.003631
1s4imxe,career,high_safe,mid,careerguidance,0.346405,0.645193,gpt,hight,20,20,0.000000,0.000000,-0.346405,0.346405,0.645193,1.748344
1s4imxe,career,high_safe,mid,careerguidance,0.346405,0.645193,gpt,vs,3,3,0.320000,0.626869,-0.026405,0.026405,0.018323,0.001580
1s7q3ka,career,ambiguous,mid,jobs,0.409836,0.676799,gpt,baseline,10,10,0.000000,0.000000,-0.409836,0.409836,0.676799,2.154839
1s7q3ka,career,ambiguous,mid,jobs,0.409836,0.676799,gpt,dv,3,3,0.350000,0.647447,-0.059836,0.059836,0.029352,0.007689
1s7q3ka,career,ambiguous,mid,jobs,0.409836,0.676799,gpt,hight,20,20,0.000000,0.000000,-0.409836,0.409836,0.676799,2.154839
1s7q3ka,career,ambiguous,mid,jobs,0.409836,0.676799,gpt,vs,3,3,0.380000,0.664064,-0.029836,0.029836,0.012735,0.001871
1rxfkpd,finance,high_risky,mid,personalfinance,0.669565,0.634486,gpt,baseline,10,10,1.000000,0.000000,0.330435,0.330435,0.634486,1.648746
1rxfkpd,finance,high_risky,mid,personalfinance,0.669565,0.634486,gpt,dv,3,3,0.850000,0.422709,0.180435,0.180435,0.211777,0.101205
1rxfkpd,finance,high_risky,mid,personalfinance,0.669565,0.634486,gpt,hight,20,20,1.000000,0.000000,0.330435,0.330435,0.634486,1.648746
1rxfkpd,finance,high_risky,mid,personalfinance,0.669565,0.634486,gpt,vs,3,3,0.653333,0.645359,-0.016232,0.016232,-0.010873,0.000586
